{
  "hash": "a6f614b8",
  "configHash": "83822d1f",
  "lockfileHash": "3b0f915a",
  "browserHash": "381e457e",
  "optimized": {
    "@angular/common": {
      "src": "../../../../../../node_modules/@angular/common/fesm2022/common.mjs",
      "file": "@angular_common.js",
      "fileHash": "3dfc4a8f",
      "needsInterop": false
    },
    "@angular/core": {
      "src": "../../../../../../node_modules/@angular/core/fesm2022/core.mjs",
      "file": "@angular_core.js",
      "fileHash": "b8c864df",
      "needsInterop": false
    },
    "@angular/platform-browser": {
      "src": "../../../../../../node_modules/@angular/platform-browser/fesm2022/platform-browser.mjs",
      "file": "@angular_platform-browser.js",
      "fileHash": "38e403cc",
      "needsInterop": false
    },
    "@angular/router": {
      "src": "../../../../../../node_modules/@angular/router/fesm2022/router.mjs",
      "file": "@angular_router.js",
      "fileHash": "04bbe10c",
      "needsInterop": false
    },
    "@ngrx/effects": {
      "src": "../../../../../../node_modules/@ngrx/effects/fesm2022/ngrx-effects.mjs",
      "file": "@ngrx_effects.js",
      "fileHash": "039ee587",
      "needsInterop": false
    },
    "@ngrx/store": {
      "src": "../../../../../../node_modules/@ngrx/store/fesm2022/ngrx-store.mjs",
      "file": "@ngrx_store.js",
      "fileHash": "eb07bdfd",
      "needsInterop": false
    },
    "@ngrx/store-devtools": {
      "src": "../../../../../../node_modules/@ngrx/store-devtools/fesm2022/ngrx-store-devtools.mjs",
      "file": "@ngrx_store-devtools.js",
      "fileHash": "77c9df72",
      "needsInterop": false
    }
  },
  "chunks": {
    "chunk-YB5ZQA7N": {
      "file": "chunk-YB5ZQA7N.js"
    },
    "chunk-YD3XD2TW": {
      "file": "chunk-YD3XD2TW.js"
    },
    "chunk-4JGFIEBZ": {
      "file": "chunk-4JGFIEBZ.js"
    },
    "chunk-BMGBBASD": {
      "file": "chunk-BMGBBASD.js"
    }
  }
}